palette_key,Display Name,Keywords,Brand Scope,Primary,On Primary,Secondary,On Secondary,Accent,On Accent,Background,Foreground,Muted,On Muted,Rule Hair,Rule Strong,Rule Brand,Text-Safe Roles,Fill-Only Roles,Category Marker Roles
lib-govuk-ink,"GOV.UK, ink & blue","government, trustworthy, public sector, civic, navy, ink",generic,#0b0c0c,#ffffff,#484949,#ffffff,#1d70b8,#ffffff,#ffffff,#0b0c0c,#f4f8fb,#0b0c0c,#cecece,#0b0c0c,#1d70b8,foreground;primary;secondary;accent,muted,
lib-uswds-navy,"USWDS, navy ink","government, federal, trustworthy, navy, official",generic,#1b1b1b,#ffffff,#565c65,#ffffff,#005ea2,#ffffff,#ffffff,#1b1b1b,#dfe1e2,#1b1b1b,#a9aeb1,#1b1b1b,#005ea2,foreground;primary;secondary;accent,muted,
lib-atlassian-ink,"Atlassian, neutral ink","tech, saas, product, navy, enterprise software",generic,#292A2E,#FFFFFF,#505258,#FFFFFF,#1868DB,#FFFFFF,#FFFFFF,#292A2E,#F0F1F2,#505258,#8C8F97,#292A2E,#1868DB,foreground;primary;secondary;accent,muted,
lib-carbon-mono,"IBM Carbon, monochrome","monochrome, tech, enterprise, neutral, black on white",generic,#161616,#ffffff,#525252,#ffffff,,,#ffffff,#161616,#f4f4f4,#161616,#e0e0e0,#161616,#161616,foreground;primary;secondary,muted,
lib-govuk-forest,"GOV.UK, forest green","government, health, environment, sustainability, forest, green",generic,#0b0c0c,#ffffff,#484949,#ffffff,#0f7a52,#ffffff,#ffffff,#0b0c0c,#f4f8fb,#0b0c0c,#cecece,#0b0c0c,#0f7a52,foreground;primary;secondary;accent,muted,
lib-carbon-forest,"IBM Carbon, forest green","tech, sustainability, environment, forest, green, enterprise",generic,#161616,#ffffff,#525252,#ffffff,#198038,#ffffff,#ffffff,#161616,#f4f4f4,#161616,#e0e0e0,#161616,#198038,foreground;primary;secondary;accent,muted,
lib-govuk-burgundy,"GOV.UK, burgundy red","government, legal, finance, error, burgundy, red, formal",generic,#0b0c0c,#ffffff,#484949,#ffffff,#ca3535,#ffffff,#ffffff,#0b0c0c,#f4f8fb,#0b0c0c,#cecece,#0b0c0c,#ca3535,foreground;primary;secondary;accent,muted,
lib-radix-burgundy,"Radix Colors, burgundy","burgundy, red, bold, creative, tech, warm",generic,#641723,#ffffff,#ce2c31,#ffffff,,,#fffcfc,#641723,#feebec,#641723,#fdbdbe,#641723,#641723,foreground;primary;secondary,muted,
lib-fluent-burgundy,"Fluent 2, burgundy","burgundy, red, enterprise, tech, bold, formal",generic,#242424,#ffffff,#333333,#ffffff,#a4262c,#ffffff,#ffffff,#242424,#f0f0f0,#242424,#ebebeb,#242424,#a4262c,foreground;primary;secondary;accent,muted,
lib-carbon-teal,"IBM Carbon, teal","teal, healthcare, tech, calm, trust",generic,#161616,#ffffff,#525252,#ffffff,#007d79,#ffffff,#ffffff,#161616,#f4f4f4,#161616,#e0e0e0,#161616,#007d79,foreground;primary;secondary;accent,muted,
lib-govuk-teal,"GOV.UK, teal","government, health, teal, public sector, calm",generic,#0b0c0c,#ffffff,#484949,#ffffff,#158187,#ffffff,#ffffff,#0b0c0c,#f4f8fb,#0b0c0c,#cecece,#0b0c0c,#158187,foreground;primary;secondary;accent,muted,
lib-tailwind-sand,"Tailwind, warm sand","warm neutral, sand, creative, nonprofit, editorial",generic,#1c1917,#ffffff,#44403c,#ffffff,#b45309,#ffffff,#fafaf9,#1c1917,#e7e5e4,#1c1917,#d6d3d1,#1c1917,#b45309,foreground;primary;secondary;accent,muted,
lib-radix-sand,"Radix Colors, warm sand","warm neutral, sand, editorial, creative, calm",generic,#21201c,#ffffff,#63635e,#ffffff,#7d5e54,#ffffff,#fdfdfc,#21201c,#f1f0ef,#21201c,#dad9d6,#21201c,#7d5e54,foreground;primary;secondary;accent,muted,
lib-material3-purple,"Material 3, baseline purple","purple, creative, tech, modern, playful",generic,#1C1B1F,#ffffff,#49454F,#ffffff,#6750A4,#ffffff,#FFFBFE,#1C1B1F,#E7E0EC,#1C1B1F,#CAC4D0,#1C1B1F,#6750A4,foreground;primary;secondary;accent,muted,
lib-carbon-purple,"IBM Carbon, purple","purple, tech, creative, enterprise, digital",generic,#161616,#ffffff,#525252,#ffffff,#8a3ffc,#ffffff,#ffffff,#161616,#f4f4f4,#161616,#e0e0e0,#161616,#8a3ffc,foreground;primary;secondary;accent,muted,
lib-fluent-grape,"Fluent 2, grape","purple, creative, enterprise, tech, bold",generic,#242424,#ffffff,#333333,#ffffff,#881798,#ffffff,#ffffff,#242424,#f0f0f0,#242424,#ebebeb,#242424,#881798,foreground;primary;secondary;accent,muted,
lib-govuk-orange-brown,"GOV.UK, warm brown","government, warm, nonprofit, brown, earthy, civic",generic,#0b0c0c,#ffffff,#484949,#ffffff,#99704a,#000000,#ffffff,#0b0c0c,#f4f8fb,#0b0c0c,#cecece,#0b0c0c,#99704a,foreground;primary;secondary,muted;accent,
lib-uswds-orange,"USWDS, warm orange","government, federal, warm, orange, brown, energetic",generic,#1b1b1b,#ffffff,#565c65,#ffffff,#c05600,#ffffff,#ffffff,#1b1b1b,#dfe1e2,#1b1b1b,#a9aeb1,#1b1b1b,#c05600,foreground;primary;secondary;accent,muted,
lib-carbon-dark-slide,"IBM Carbon, dark slide","dark, slide deck, presentation, tech, high contrast, projection",generic,#ffffff,#161616,#e0e0e0,#161616,#0f62fe,#ffffff,#161616,#f4f4f4,#525252,#ffffff,#393939,#f4f4f4,#0f62fe,foreground;primary;secondary;accent,muted,accent
lib-fluent-dark-slide,"Fluent 2, dark slide","dark, slide deck, presentation, tech, enterprise, projection",generic,#ffffff,#242424,#f0f0f0,#242424,#0078d4,#ffffff,#0a0a0a,#f0f0f0,#333333,#f0f0f0,#141414,#f0f0f0,#0078d4,foreground;primary;secondary;accent,muted,accent
